Day,Date,Team A,Team B,TA player 1,TA player 2,TA player 3,TA player 4,TA player 5,TA player 6,TA player 7,TA player 8,TA player 9,TA player 10,TA player 11,TB player 1,TB player 2,TB player 3,TB player 4,TB player 5,TB player 6,TB player 7,TB player 8,TB player 9,TB player 10,TB player 11
1,10/07/2018,om,toulouse,107298,208520,236987,219681,224030,177388,185221,210896,205632,212273,203280,204240,236466,198067,231235,208615,184387,183820,235173,223978,182945,223929
1,11/07/2018,nantes,monaco,201325,207924,203884,230074,219693,241403,210450,223874,215559,240351,206141,115533,215792,190547,220493,231685,244892,216393,220905,212692,239441,181820
1,11/07/2018,lille,rennes,215698,200353,236723,224490,239363,236639,213874,206436,225085,226110,237631,200332,196801,177481,231263,219789,190674,187924,236998,214097,235353,193554
1,11/07/2018,asse,guingamp,167628,159147,183556,197688,190034,187052,192722,177712,204612,194845,212350,190120,210394,234930,239210,204338,226414,231102,213725,183982,228093,202035
1,11/07/2018,angers,nimes,49472,184873,184190,189946,199313,213388,198836,178160,226789,209781,203736,223898,202002,209430,223138,233767,226130,205686,192673,239043,226861,225951
1,11/07/2018,montpellier,dijon,200726,200677,231307,163665,223597,153260,225139,225126,192242,193983,183389,222562,199511,234730,237548,225934,244751,243478,198817,205257,212613,210722
1,11/07/2018,nice,reims,221130,158625,240754,225863,208449,213242,223517,212886,230020,237600,216388,234642,235634,190530,199781,206493,159175,188385,193683,224368,233265,199387
1,12/07/2018,ol,amiens,199721,180334,216643,139860,228618,227234,234906,235569,221639,202556,207948,176994,186567,234515,234624,234514,203393,234622,245390,224428,211321,214570
1,12/07/2018,bordeaux,strasbourg,158121,201315,229782,188762,241486,236830,217605,241637,112244,209519,224218,199641,204105,236636,223284,209547,197813,235042,208787,231089,219733,240730
1,12/07/2018,psg,caen,1179,207865,241497,164240,241941,210008,163711,183898,234795,232411,190871,204883,222926,241551,181456,212219,206577,183453,241238,205083,240133,231041
2,17/07/2018,reims,ol,234642,235634,190530,199781,206493,159175,188385,224368,193683,233265,199387,199721,180334,216643,139860,228618,227234,234906,235569,221639,202556,207948
2,18/07/2018,guingamp,psg,190120,210394,234930,239210,204338,226414,231102,49488,183982,228093,202035,1179,207865,241497,164240,202371,183898,234795,210008,232411,190871,241496
2,18/07/2018,monaco,lille,115533,215792,190547,227873,220493,216393,220905,212692,167397,181820,239441,215698,200353,236723,171791,224490,236639,206436,225085,213874,226110,237631
2,18/07/2018,dijon,nantes,222562,199511,225934,234730,237548,188600,243478,187988,205257,210722,193226,201325,207924,215565,230074,219693,223874,215559,221701,240351,210450,204819
2,18/07/2018,rennes,angers,200332,196801,219789,224196,231263,190674,187924,236998,214097,235353,193554,49472,184873,212449,189946,198836,213388,178160,209781,226789,219792,239589
2,18/07/2018,amiens,montpellier,176994,186567,234624,234514,204886,203393,234622,224428,211321,214570,225584,200726,200677,163665,218540,223597,153260,225126,209288,192242,209519,193983
2,18/07/2018,caen,nice,204883,178031,212219,227222,188824,206577,183453,205083,240133,223875,231041,221130,158625,235981,225863,208449,213242,212886,223517,230020,234333,216388
2,19/07/2018,strasbourg,asse,199641,204105,236636,223284,209547,197813,235042,208787,231089,193147,230857,167628,159147,197688,158626,183556,192722,187052,204612,193476,212350,194845
2,19/07/2018,toulouse,bordeaux,204240,231235,208615,198067,184387,235173,183820,245388,223978,182945,223929,158121,188762,241486,228321,209301,217605,184271,112244,237207,224218,201073
2,19/07/2018,nimes,om,223898,209430,220030,202002,223138,233767,205686,192673,239043,226861,225951,163705,183280,208520,219681,225263,177388,185221,205632,210896,203280,204970
3,24/07/2018,ol,strasbourg,199482,189681,180334,139860,228618,227234,235569,226773,202556,236786,207948,199641,204105,184082,236636,201041,209547,197813,193147,208787,231089,230857
3,25/07/2018,psg,angers,193105,207865,164240,202371,225850,226229,210008,183898,190871,231747,179813,49472,184873,212449,189946,213388,219470,178160,226789,209781,219792,228509
3,25/07/2018,toulouse,nimes,204240,231235,198067,208615,184387,235173,183820,245388,223978,182945,223929,223898,209430,226130,202002,223138,233767,205686,192673,226861,225951,213839
3,25/07/2018,nice,dijon,221130,158625,225863,208449,213242,212886,223517,230020,237600,234333,216388,222562,234730,237548,244749,199511,188600,243478,198817,187988,205257,210722
3,25/07/2018,amiens,reims,176994,207650,186567,234515,234624,203393,231949,220245,224428,211321,214570,234642,235634,190530,206493,199781,159175,224368,188385,193683,233265,199387
3,25/07/2018,montpellier,asse,200726,200677,163665,218540,223597,153260,225126,209288,192242,193983,209519,167628,159147,197688,158626,190034,187052,177712,204612,193476,212350,194845
3,25/07/2018,nantes,caen,201325,207924,215565,219693,230074,192205,241403,223874,215559,240351,206141,204883,188824,227222,212219,178031,183453,205083,221740,223875,240133,231041
3,26/07/2018,lille,guingamp,215698,236723,224490,200353,171791,236639,213874,225085,234612,226110,237631,190120,234930,239210,204338,240257,178051,226414,49488,183982,188397,228093
3,26/07/2018,bordeaux,monaco,158121,201315,241486,209301,228321,217605,241637,112244,237207,134779,224218,115533,215792,190547,227873,220493,216393,233550,225151,220905,212692,167397
3,26/07/2018,om,rennes,107298,183280,204472,219681,236987,177388,185221,210896,205632,203280,204970,200332,196801,231263,219789,179789,224196,187924,236998,190674,214097,235353
4,31/07/2018,ol,nice,199482,189681,180334,228618,220182,216594,227234,235569,202556,236786,207948,215223,158625,235454,225863,150590,208449,212886,213242,230020,186627,216388
4,01/08/2018,nimes,psg,223898,202002,209430,220030,223138,233767,225629,205686,192673,226861,213839,193105,207865,164240,241941,225850,202371,210008,183898,190871,179813,231747
4,01/08/2018,dijon,caen,222562,199511,225934,234730,237548,243478,198817,187988,205257,210722,193226,204883,222926,181456,227222,212219,183453,205190,241238,205083,221740,231041
4,01/08/2018,angers,lille,49472,184873,212449,189946,199313,213388,219470,178160,219792,228509,203736,215698,200353,236723,171791,224490,236639,225945,225085,234612,179527,226110
4,01/08/2018,reims,montpellier,234642,235634,190530,206493,224095,159175,231236,224368,193683,233265,199387,200726,200677,163665,223597,218540,153260,225126,209288,192242,193983,209519
4,01/08/2018,guingamp,toulouse,190120,167936,234930,240257,239210,231102,178051,183982,188397,228093,202035,204240,212282,231235,208615,189207,235173,183820,223978,245388,182945,223929
4,01/08/2018,strasbourg,nantes,199641,204105,201041,223284,209547,235042,197813,208787,231089,230857,219733,201325,215565,219693,207924,230074,192205,223874,215559,240351,204819,198420
4,02/08/2018,asse,amiens,167628,159147,183556,158626,190034,187052,190014,204612,193476,212350,194845,176994,207650,186567,234515,234624,203393,220245,203128,224428,211321,214570
4,02/08/2018,rennes,bordeaux,200332,196801,231263,219789,224196,190674,187924,214097,235353,227558,231612,158121,201315,241486,228321,209301,217605,184271,112244,237207,134779,224218
4,02/08/2018,monaco,om,115533,215792,190547,220493,228579,216393,233550,220905,230042,212692,167397,107298,183280,204472,208520,219681,177388,185221,210896,205632,189712,183483
5,14/08/2018,nice,rennes,215223,158625,235454,222840,150590,208449,212886,213242,230020,234333,216388,200332,196801,207745,179789,224196,190674,187924,214097,236998,227558,231612
5,14/08/2018,psg,asse,193105,205069,164240,202371,225850,163711,183898,202166,199556,210008,179813,167628,159147,183556,197688,190034,187052,190014,177712,204612,212350,194845
5,15/08/2018,caen,ol,204883,178031,222926,227222,212219,183453,220029,205083,221740,183068,231041,199482,180334,189681,220182,228618,216594,227234,234906,235569,211591,207948
5,15/08/2018,dijon,angers,222562,157678,225934,234730,237548,198817,243478,205257,212613,244753,210722,49472,184873,189946,199313,212449,213388,219470,209781,219792,228509,203736
5,15/08/2018,toulouse,monaco,204240,219582,198067,208615,231235,184387,235173,183820,223978,196932,182945,115533,190547,215792,201042,228579,200529,216393,244892,220905,230042,237708
5,15/08/2018,amiens,lille,176994,207650,186567,234624,204886,51123,222982,203393,231949,224428,211321,215698,200353,236723,224490,171791,236639,213874,225085,234612,183518,226110
5,15/08/2018,montpellier,strasbourg,200726,200677,163665,218540,153260,225139,225126,223570,192242,193983,209519,199641,204105,236636,201041,209547,223284,235041,197813,231089,230857,219733
5,16/08/2018,nantes,reims,201325,207924,230074,215565,219693,192205,215559,240351,223874,204819,198420,234642,208509,235634,206493,210828,159175,231236,224368,193683,233265,199387
5,16/08/2018,bordeaux,nimes,158121,188762,241486,209301,228321,217605,184271,112244,237207,134779,224218,223898,203933,209430,226130,223138,233767,225629,225855,239043,226861,213839
5,16/08/2018,om,guingamp,107298,183280,208520,219681,177388,185221,210896,189712,205632,204970,183483,190120,210394,167936,204338,239210,213725,234622,49488,183982,228093,202035
6,21/08/2018,monaco,nimes,115533,190547,163407,220493,244892,216393,225151,229011,230042,239441,167397,223898,203933,209430,220030,223138,233767,225629,225855,239043,226861,213839
6,22/08/2018,lille,nantes,215698,200353,171791,224490,236723,236639,225085,234612,213874,183518,226110,201325,207924,230074,215565,219693,192205,223874,215559,240351,204819,198420
6,22/08/2018,angers,toulouse,49472,184873,212449,189946,199313,213388,219470,219792,228509,209781,203736,204240,198067,208615,231235,184387,189207,183820,245388,235173,182945,223929
6,22/08/2018,reims,dijon,234642,208509,235634,206493,224021,210828,159175,188385,193683,224368,199387,222562,210434,157678,199511,237548,244751,213030,188600,198817,212613,210722
6,22/08/2018,montpellier,nice,200726,200677,163665,218540,223597,153260,225126,223570,190416,193983,209519,215223,158625,235454,240754,225863,208449,213242,212886,230020,186627,216388
6,22/08/2018,asse,caen,167628,159147,183556,158626,190034,187052,192722,190014,204612,193476,194845,204883,181456,178031,222926,227222,206577,183453,205083,223875,183068,231041
6,22/08/2018,strasbourg,amiens,199641,204105,236636,201041,223284,209547,197813,235042,231089,237631,230857,176994,234515,207650,186567,204886,203393,221791,231949,187688,203128,225584
6,23/08/2018,rennes,psg,200332,196801,179789,219789,224196,190674,187924,236998,214097,204077,235353,1179,207865,202371,205069,225850,183898,199556,210008,202166,190871,179813
6,23/08/2018,guingamp,bordeaux,190120,210394,167936,234930,204338,226414,234622,213725,49488,183982,228093,158121,201315,241486,228321,215699,222715,217605,184271,237207,224218,201943
6,23/08/2018,ol,om,199482,180334,216643,228618,220182,216594,234906,235569,226773,202556,207948,107298,208520,219681,225263,177388,210896,205632,185221,189712,204970,183483
7,25/08/2018,monaco,angers,115533,215792,190547,201042,228579,200529,216393,233550,220905,225663,167397,49472,212449,189946,199313,184190,213388,178160,209781,219470,219792,203736
7,25/08/2018,nantes,nice,201325,207924,230074,215565,198584,192205,201938,223874,221701,204819,198420,215223,158625,235454,222840,150590,208449,213242,230686,230020,234333,216388
7,25/08/2018,toulouse,asse,204240,231235,198067,208615,184387,235173,183820,223978,245388,182945,223929,167628,183556,197688,243715,190034,187052,230144,177712,193476,212350,236518
7,26/08/2018,bordeaux,lille,158121,201315,241486,209301,228321,222715,184271,241637,134779,224218,237207,215698,236723,171791,224490,200353,236639,225085,234612,213874,183518,226110
7,26/08/2018,caen,montpellier,204883,178031,241551,188824,227222,183453,241238,220029,205083,183068,240133,200726,200677,163665,223597,239136,153260,209288,192242,190416,193983,193581
7,26/08/2018,om,strasbourg,163705,204472,236987,219681,224030,177388,189712,185221,210896,203280,204970,199641,204105,236636,223284,209547,201041,197813,235041,200966,208787,237631
7,26/08/2018,dijon,ol,222562,157678,199511,225934,234730,237548,188600,198817,243478,193226,210722,199482,189681,216643,139860,220182,234906,235569,227234,211591,236786,207948
7,26/08/2018,nimes,guingamp,223898,203933,209430,226130,202002,220030,225855,192673,239043,225951,213839,190120,167936,234930,240257,239210,204338,178051,231102,49488,202035,228093
7,26/08/2018,amiens,rennes,176994,207650,234515,234624,204886,51123,203393,231949,203128,225584,211321,200332,196801,219789,179789,224196,231263,190674,204077,235353,161648,227558
7,26/08/2018,psg,reims,1179,241497,207865,164240,241941,241852,210008,202166,199556,190871,179813,234642,235634,199781,206493,224021,210828,159175,193683,231109,233265,199387
8,28/08/2018,asse,monaco,167628,159147,183556,197688,190034,187052,190014,204612,193476,212350,194845,115533,190547,163407,201042,220493,244892,194020,225151,229011,237708,167397
8,29/08/2018,nice,psg,215223,158625,235454,222840,240754,208449,213242,230686,230020,234333,216388,193105,207865,164240,226229,225850,241852,210008,183898,232411,190871,231747
8,29/08/2018,ol,nantes,199482,180334,216643,207707,139860,234906,216594,226773,202556,211591,207948,201325,207924,215565,189680,198584,192205,210450,223874,215559,221701,198420
8,29/08/2018,angers,guingamp,49472,184873,189946,184190,199313,213388,198836,219470,219792,228509,203736,190120,210394,167936,239210,234930,204338,178051,231102,49488,183982,202035
8,29/08/2018,strasbourg,dijon,199641,204105,236636,201041,209547,223284,197813,208787,231089,230857,240730,222562,234730,237548,244751,199511,225934,213030,198817,205257,210722,244753
8,29/08/2018,reims,bordeaux,234642,208509,235634,206493,210828,188385,231236,159175,193683,195912,199387,158121,201315,241486,215699,209301,222715,217605,236830,241637,201073,201943
8,29/08/2018,caen,amiens,204883,178031,241551,212219,227222,183453,205083,223875,183068,240133,231041,176994,186567,234515,234624,234514,231949,221791,203128,203393,224428,211321
8,30/08/2018,rennes,toulouse,197233,196801,219789,179789,224196,187924,236998,190674,214097,235353,161648,204240,231235,198067,208615,184387,183820,235173,223978,245388,182945,223929
8,30/08/2018,montpellier,nimes,200726,200677,163665,239136,223597,218540,225126,209288,190416,193983,209519,223898,209430,203933,230043,233767,223138,225855,192673,226861,225951,213839
8,30/08/2018,lille,om,215698,236723,171791,224490,239363,236639,213874,225085,234612,179527,226110,163705,204472,208520,236987,190502,189712,185221,205632,203280,204970,243656
9,05/09/2018,toulouse,nice,204240,212401,198067,208615,189207,235173,183820,245388,223978,218970,182945,215223,158625,235454,222840,240754,208449,213242,230020,237600,234333,216388
9,06/09/2018,lille,asse,215698,171791,200353,224490,236723,236639,213874,225085,234612,179527,226110,167628,159147,183556,243715,190034,187052,190014,177712,204612,193476,194845
9,06/09/2018,guingamp,montpellier,190120,210394,167936,234930,239210,204338,231102,178051,49488,202035,228093,200726,200677,163665,223597,239136,218540,225126,209288,190416,193983,209519
9,06/09/2018,angers,strasbourg,49472,184873,184190,189946,199313,219470,178160,209781,219792,228509,239589,199641,204105,236636,201041,223284,209547,197813,208787,231089,237631,230857
9,06/09/2018,amiens,dijon,176994,207650,186567,234624,204886,51123,231949,203128,187688,224428,211321,222562,199511,225934,234730,237548,188600,243478,198817,205257,212613,193226
9,06/09/2018,nimes,reims,223898,202002,209430,223138,230043,233767,225629,225855,226861,226127,213839,234642,208509,220421,235634,206493,210828,159175,231236,193683,233265,199387
9,07/09/2018,bordeaux,nantes,158121,241486,228321,215699,233219,222715,217605,184271,231826,224218,201943,201325,207924,219693,189680,215565,192205,223874,221701,240351,204819,198420
9,07/09/2018,om,caen,163705,183280,204472,208520,236987,189712,177388,185221,205632,204970,183483,204883,241551,178031,212219,227222,206577,183453,205083,183068,221740,231041
9,07/09/2018,monaco,rennes,192593,215792,190547,163407,228579,201042,220905,216393,225663,237708,167397,197233,196801,207745,219789,224196,179789,190674,187924,235353,161648,231612
9,07/09/2018,psg,ol,1179,205069,207865,164240,202371,225850,183898,199556,179813,190871,231747,199482,189681,228618,220182,139860,216594,235569,234906,227234,202556,207948
10,19/09/2018,ol,nimes,199482,180334,228618,220182,207707,234906,235569,226773,202556,211591,236786,223898,182816,230043,233767,223138,225629,205686,225855,226861,225951,226127
10,20/09/2018,psg,amiens,193105,205069,207865,226229,210008,183898,202166,199556,232411,231747,179813,176994,207650,186567,234624,234514,204886,203393,231949,203128,187688,224428
10,20/09/2018,dijon,lille,222562,157678,199511,234730,237548,188600,52126,198817,243478,212613,193226,215698,200353,236723,171791,224490,225945,213874,225085,179527,234128,226110
10,20/09/2018,nantes,toulouse,201325,219693,230074,207924,226515,198584,210450,221701,201938,223874,204819,204240,212401,198067,208615,183820,164959,245388,223978,167933,211239,182945
10,20/09/2018,strasbourg,monaco,199641,204105,184082,201041,223284,209547,200966,208787,193147,231089,230857,225710,190547,227873,201042,228579,200529,225663,216393,220905,167397,181820
10,20/09/2018,reims,angers,234642,208509,235634,206493,210828,224368,159175,231109,233265,195912,199387,49472,184873,184190,189946,199313,219470,226789,209781,219792,228509,203736
10,20/09/2018,caen,guingamp,204883,178031,221284,212219,227222,206577,183453,220029,221740,223875,183068,190120,210394,243907,167936,234930,231102,188696,234622,49488,230568,202035
10,21/09/2018,montpellier,bordeaux,200726,163665,223597,200677,153260,225126,223570,192242,190416,193983,209519,158121,201315,241486,228321,215699,222715,217605,184271,134779,224218,231826
10,21/09/2018,asse,rennes,167628,159147,183556,158626,190034,187052,190014,230144,193476,194845,212023,197233,231263,207745,219789,179789,224196,190674,187924,214097,235353,161648
10,21/09/2018,nice,om,215223,158625,235454,240754,225863,208449,213242,212886,234333,186627,216388,163705,183280,204472,219681,236987,224030,177388,210896,189712,203280,243656
11,26/09/2018,nimes,asse,223898,233767,202002,209430,223138,230043,225629,205686,239043,226861,213839,167628,159147,183556,158626,190034,187052,177712,204612,193476,236518,194845
11,27/09/2018,angers,ol,49472,184190,189946,199313,184873,213388,219470,209781,219792,228509,203736,199482,189681,180334,220182,207707,206306,227234,234906,235569,211591,207948
11,27/09/2018,lille,caen,215698,200353,236723,171791,224490,236639,213874,225085,234612,241721,226110,204883,178031,188824,212219,227222,241238,183453,205083,183068,240133,231041
11,27/09/2018,toulouse,montpellier,204240,212282,231235,198067,208615,164959,183820,189207,245388,223978,182945,200726,200677,163665,223597,218540,153260,225126,209288,190416,209519,193983
11,27/09/2018,guingamp,strasbourg,190120,210394,167936,204338,234930,231102,188696,49488,188397,230568,202035,199641,204105,184082,201041,223284,209547,197813,208787,231089,237631,230857
11,27/09/2018,monaco,dijon,115533,215792,190547,220493,228579,244892,220905,216393,230042,225663,237708,222562,157678,199511,234730,228897,188600,52126,198817,243478,205257,193226
11,27/09/2018,amiens,nantes,176994,207650,234624,186567,204886,51123,203393,231949,203128,224428,211321,201325,207924,219693,226515,230074,198584,210450,201938,223874,221701,204819
11,28/09/2018,rennes,reims,197233,231263,219789,179789,224196,190674,187924,214097,161648,235353,231612,234642,235634,206493,208509,210828,159175,188385,224368,193683,233265,199387
11,28/09/2018,bordeaux,nice,158121,201315,241486,209301,228321,222715,217605,184271,237207,134779,224218,215223,158625,235454,222840,235981,150590,213242,212886,223517,186627,216388
11,28/09/2018,om,psg,163705,183280,204472,236987,219681,177388,210896,185221,205632,189712,204970,193105,205069,207865,241941,202371,226229,202166,199556,183898,190871,183569
12,02/10/2018,psg,lille,1179,207865,164240,226229,202371,205069,183898,202166,199556,190871,231747,215698,200353,171791,236723,224490,236639,225085,234612,213874,241721,226110
12,03/10/2018,ol,bordeaux,199482,189681,180334,228618,220182,216594,227234,234906,235569,202556,211591,158121,201315,241486,209301,228321,222715,184271,112244,134779,231826,224218
12,03/10/2018,strasbourg,toulouse,199641,184082,201041,204105,223284,209547,197813,208787,231089,237631,230857,204240,231235,198067,208615,246298,183820,245388,223978,167933,182945,223929
12,03/10/2018,reims,monaco,234642,208509,235634,206493,210828,188385,231236,159175,193683,233265,199387,115533,215792,190547,227873,228579,200529,244892,216393,225663,230042,237708
12,03/10/2018,nice,amiens,215223,158625,235454,150590,208449,213242,212886,223517,186627,234333,216388,176994,207650,186567,234515,234624,204886,51123,222982,231949,203128,224428
12,03/10/2018,caen,rennes,204883,178031,222926,212219,227222,205190,183453,205083,221740,183068,231041,200332,196801,207745,219789,179789,190674,181383,187924,215245,235353,231612
12,03/10/2018,dijon,nimes,222562,199511,225934,234730,228897,157678,213030,52126,205257,210722,193226,223898,202002,209430,223138,230043,225629,205686,239043,226861,225951,213839
12,04/10/2018,nantes,guingamp,201325,207924,219693,230074,226515,199393,210450,201938,223874,221701,204819,190120,210394,167936,239210,204338,240257,226414,234622,231102,49488,202035
12,04/10/2018,asse,angers,167628,159147,183556,158626,190034,187052,204612,193476,212350,194845,236518,49472,184190,212449,189946,199313,213388,219470,209781,219792,228509,203736
12,04/10/2018,montpellier,om,200726,163665,223597,239136,153260,225126,209288,192242,190416,193983,209519,163705,183280,204472,219681,236987,177388,189712,185221,210896,203280,204970
13,09/10/2018,lille,strasbourg,215698,200353,236723,171791,224490,236639,213874,225085,234612,183518,226110,199641,184082,223284,209547,240725,197813,235042,200966,231089,237631,240730
13,10/10/2018,guingamp,ol,190120,210394,167936,234930,204338,178051,226414,231102,49488,228093,202035,199482,180334,216266,228618,220182,139860,227234,234906,235569,211591,202556
13,10/10/2018,angers,montpellier,49472,184190,212449,189946,199313,213388,209781,219470,219792,228509,203736,200726,163665,223597,239136,153260,225126,209288,192242,190416,193983,209519
13,10/10/2018,asse,reims,167628,159147,183556,158626,190034,187052,192722,204612,193476,194845,212350,234642,208509,235634,206493,210828,224095,231236,206506,193683,233265,199387
13,10/10/2018,nimes,nice,223898,209430,202002,223138,230043,225629,205686,239043,226861,225951,213839,215223,158625,235454,240754,150590,208449,213242,212886,223517,186627,234333
13,10/10/2018,toulouse,amiens,204240,212401,231235,198067,208615,189207,246298,223978,167933,223929,182945,176994,207650,234515,234624,186567,204886,222982,203393,231949,203128,187688
13,11/10/2018,bordeaux,caen,158121,201315,241486,209301,228321,222715,217605,241637,237207,134779,224218,204883,221284,212219,222926,227222,183453,220029,205190,205083,221740,183068
13,11/10/2018,om,dijon,163705,183280,204472,208520,224030,177388,185221,205632,189712,204970,183483,222562,244751,210434,244749,234730,199511,52126,243478,205257,212613,210722
13,11/10/2018,rennes,nantes,200332,219789,179789,207745,224196,181383,190674,187924,215245,235353,231612,201325,207924,226515,219693,230074,199393,223874,221701,210450,204819,198420
13,11/10/2018,monaco,psg,115533,215792,201042,228579,242578,200529,244892,194020,233550,230042,167397,193105,164240,226229,225850,241852,210008,202166,232411,190871,231747,179813
14,23/10/2018,ol,asse,199482,180334,189681,228618,207707,220182,216594,234906,235569,202556,211591,167628,183556,197688,158626,190034,187052,204612,177712,193476,212350,194845
14,24/10/2018,psg,toulouse,1179,207865,164240,202371,225850,241852,210008,183898,202166,199556,179813,204240,212282,212401,231235,198067,208615,246298,183820,223978,182945,223929
14,24/10/2018,strasbourg,nimes,199641,184082,223284,240725,209547,197813,208787,231089,235042,230857,240730,223898,203933,209430,220030,223138,225629,205686,225855,226861,225951,213839
14,24/10/2018,reims,guingamp,234642,208509,235634,206493,210828,231236,224368,159175,193683,233265,199387,190120,210394,167936,234930,204338,226414,213725,49488,230568,202035,228093
14,24/10/2018,nantes,angers,201325,207924,219693,189680,226515,199393,210450,221701,240351,201938,204819,49472,184873,184190,199313,212449,213388,219470,209781,228509,219792,203736
14,24/10/2018,dijon,bordeaux,222562,244749,199511,225934,237548,234730,188600,198817,205257,212613,210722,158121,201315,241486,209301,215699,222715,184271,112244,134779,231826,224218
14,24/10/2018,caen,monaco,204883,241551,178031,221284,212219,183453,241238,205083,183068,240133,231041,115533,215792,228579,242578,231685,200529,244892,216393,225663,230042,167397
14,25/10/2018,montpellier,rennes,200726,223597,218540,200677,163665,153260,225126,209288,190416,193983,209519,200332,219789,179789,196801,224196,190674,187924,214097,235353,161648,231612
14,25/10/2018,nice,lille,215223,158625,235454,240754,150590,208449,213242,212886,230020,186627,216388,215698,171791,222160,239363,224490,236639,225085,234612,225945,183518,226110
14,25/10/2018,amiens,om,176994,207650,234624,234515,204886,222982,203393,231949,203128,224428,214570,163705,183280,163083,208520,204472,224030,177388,210896,205632,212273,204970
15,30/10/2018,asse,nantes,167628,183556,197688,158626,190034,192722,187052,204612,193476,212350,194845,201325,219693,230074,189680,207924,199393,210450,215559,240351,204819,198420
15,01/11/2018,lille,ol,215698,236723,171791,224490,239363,236639,234612,213874,225085,179527,226110,199482,180334,216266,228618,220182,207707,234906,235569,215798,207948,202556
15,01/11/2018,monaco,montpellier,115533,215792,163407,228579,242578,231685,200529,216393,225663,230042,167397,200726,200677,163665,223597,218540,153260,225126,209288,190416,193983,209519
15,01/11/2018,guingamp,nice,190120,167936,234930,239210,204338,226414,231102,49488,188397,192938,228093,215223,158625,235454,240754,208449,225863,213242,212886,230020,186627,216388
15,01/11/2018,nimes,amiens,223898,203933,223138,230043,209430,225629,206306,205686,226861,225951,226127,176994,234515,234514,186567,234624,204886,51123,222982,203128,231949,214570
15,01/11/2018,angers,caen,49472,184873,184190,212449,199313,213388,209781,219470,219792,228509,203736,204883,178031,241551,221284,212219,227222,183453,203435,205083,221740,183068
15,02/11/2018,toulouse,dijon,204240,212401,231235,198067,208615,246298,183820,223978,167933,218970,182945,222562,244749,225934,234730,237548,199511,188600,198817,205257,210722,193226
15,02/11/2018,om,reims,163705,163083,183280,204472,208520,177388,185221,205632,224030,203280,204970,234642,208509,235634,206493,224021,210828,159175,224368,193683,231236,199387
15,02/11/2018,rennes,strasbourg,200332,219789,196801,179789,224196,187924,181383,214097,215245,235353,231612,199641,204105,184082,236636,223284,197813,235042,200966,208787,231089,237631
15,02/11/2018,bordeaux,psg,158121,201315,241486,215699,228321,222715,184271,112244,134779,231826,224218,193105,205069,207865,146530,164240,241941,226229,183898,202166,190871,231747
16,04/11/2018,nice,angers,215223,158625,235454,240754,208449,212886,213242,230686,230020,186627,216388,49472,184873,184190,199313,212449,213388,219470,209781,219792,228509,203736
16,04/11/2018,amiens,monaco,176994,207650,234624,186567,204886,222982,203393,187688,203128,224428,214570,115533,190547,163407,228579,242578,231685,200529,194020,216393,230042,167397
16,04/11/2018,montpellier,lille,200726,239136,163665,223597,153260,225126,209288,223570,190416,193983,209519,215698,236723,171791,224490,239363,236639,213874,234612,179527,234128,226110
16,05/11/2018,ol,rennes,199482,216266,139860,180334,228618,220182,235569,216594,234906,202556,207948,197233,196801,219789,179789,224196,190674,187924,214097,235353,161648,227558
16,05/11/2018,nantes,om,204513,207924,219693,230074,189680,226515,199393,210450,223874,221701,204819,163705,163083,183280,204472,236987,185221,210896,205632,189712,203280,204970
16,05/11/2018,bordeaux,asse,158121,201315,241486,209301,215699,222715,217605,236830,134779,224218,231826,167628,183556,158626,208324,190034,187052,190014,204612,193476,212350,194845
16,05/11/2018,reims,toulouse,234642,208509,235634,206493,231236,210828,159175,193683,224368,233265,199387,211327,212282,231235,198067,246565,164959,246298,189207,211239,223929,182945
16,05/11/2018,caen,nimes,204883,178031,222926,221284,227222,212219,183453,203435,205083,221740,183068,223898,182816,223138,220030,233767,206306,225855,205686,239043,205188,225951
16,05/11/2018,dijon,guingamp,228912,225934,234730,237548,199511,188600,198817,187988,205257,193226,210722,190120,167936,239210,234930,204338,226414,231102,49488,188397,228093,202035
16,05/11/2018,strasbourg,psg,199641,204105,184082,236636,201041,223284,197813,235042,245630,230857,240730,193105,226229,241941,202371,225850,241852,210008,202166,199556,179813,183569
17,08/11/2018,rennes,dijon,197233,231263,219789,179789,207745,190674,187924,236998,204077,235353,161648,228912,210434,225934,234730,237548,157678,188600,52126,198817,212613,193226
17,08/11/2018,guingamp,amiens,190120,210394,167936,234930,204338,226414,231102,49488,188397,192938,228093,176994,207650,186567,234624,204886,222982,203393,231949,203128,224428,214570
17,09/11/2018,strasbourg,caen,199641,204105,184082,236636,223284,209547,197813,200966,208787,231089,237631,204883,178031,241551,221284,227222,183453,203435,205083,223875,183068,240133
17,09/11/2018,lille,reims,215698,236723,224490,239363,171791,236639,213874,234612,234128,241721,226110,234642,235634,206493,208509,210828,159175,224368,193683,231109,199387,195912
17,15/00/2019,angers,bordeaux,49472,184190,212449,199313,213388,219470,178160,209781,219792,228509,203736,158121,241486,209301,228321,233219,222715,217605,237207,134779,201943,201073
17,16/00/2019,toulouse,ol,204240,231235,212401,198067,208615,189207,246298,235173,167933,211239,218970,199482,216266,228618,220182,242238,139860,227234,234906,215798,207948,202556
17,16/00/2019,monaco,nice,115533,215792,190547,228579,242578,240024,216393,225663,230042,212692,237708,215223,158625,235454,240754,235981,150590,213313,213242,212886,235554,216388
17,16/00/2019,nimes,nantes,223898,202002,209430,223138,230043,233767,225629,206306,205686,205188,225951,201325,207924,230074,219693,199393,192205,240351,210450,223874,198420,206141
17,16/00/2019,asse,om,167628,159147,183556,197688,190034,187052,177712,204612,193476,212350,194845,163705,163083,204472,219681,236987,224030,185221,210896,205632,189712,204970
17,20/01/2019,psg,montpellier,1179,207865,226229,201510,146530,225850,183898,202166,199556,232411,231747,200726,200677,163665,223597,218540,153260,225126,209288,190416,209519,193581
18,15/11/2018,reims,strasbourg,234642,208509,235634,206493,210828,188385,224368,159175,193683,233265,195912,199641,204105,184082,236636,223284,209547,197813,208787,231089,237631,219733
18,16/11/2018,nimes,lille,223898,203933,209430,223138,230043,233767,225629,206306,205686,239043,225951,215698,236723,224490,239363,171791,236639,234612,213874,225085,241721,226110
18,16/11/2018,nice,asse,215223,158625,235454,240754,208449,213313,213242,212886,230020,241130,216388,167628,159147,243715,208324,190034,187052,177712,204612,190014,212350,212023
18,16/11/2018,ol,monaco,199482,180334,216266,228618,220182,207707,216594,227234,234906,207948,202556,115533,215792,190547,163407,228579,242578,200529,194020,216393,225663,167397
18,18/11/2018,caen,toulouse,204883,178031,212219,227222,241551,183453,220029,203435,205083,183068,221740,204240,212282,246565,198067,231235,189207,164959,183820,167933,218970,182945
18,08/00/2019,nantes,montpellier,201325,207924,219693,230074,226515,198584,199393,223874,210450,204819,198420,200726,163665,223597,218540,200677,153260,225126,223570,190416,193983,209519
18,08/00/2019,amiens,angers,176994,207650,186567,234624,204886,51123,203393,203128,224428,233121,214570,49472,184873,184190,212449,189946,199313,213388,219470,228509,219792,203736
18,16/00/2019,guingamp,rennes,211398,234930,239210,204338,240257,178051,213725,226414,231102,183982,228093,200332,196801,179789,224196,219789,181383,236998,235353,161648,227558,231612
18,05/01/2019,om,bordeaux,163705,204472,219681,225263,236987,208520,224030,205632,210896,212273,203280,158121,201315,241486,209301,228321,222715,184271,112244,134779,237207,201943
18,12/02/2019,dijon,psg,222562,244749,225934,199511,188600,213030,52126,198817,212613,210722,193226,193105,205069,164240,201510,202371,207865,225850,183898,199556,232411,231747
19,22/11/2018,psg,nantes,1179,205069,202371,207865,164240,225850,183898,202166,199556,231747,179813,201325,207924,219693,230074,198584,199393,192205,210450,223874,221701,204819
19,22/11/2018,lille,toulouse,215698,210520,236723,224490,239363,225085,234612,225945,213874,241721,226110,204240,212282,208615,231235,198067,164959,189207,223978,167933,211239,182945
19,22/11/2018,montpellier,ol,200726,163665,218540,200677,223597,153260,225126,209288,190416,193983,209519,199482,180334,216266,228618,220182,207707,227234,234906,216594,202556,207948
19,22/11/2018,asse,dijon,167628,159147,243715,208324,190034,187052,177712,204612,193476,212350,194845,228912,199511,225934,237548,228897,188600,213030,198817,205257,210722,193226
19,22/11/2018,angers,om,201138,184190,199313,184873,213388,178160,226789,209781,219792,228509,203736,163705,163083,183280,208520,219681,177388,185221,224030,210896,204970,183483
19,22/11/2018,strasbourg,nice,199641,204105,184082,236636,223284,209547,197813,208787,231089,219733,237631,215223,158625,235454,240754,235981,150590,213313,213242,212886,230020,241130
19,22/11/2018,rennes,nimes,200332,196801,179789,224196,219789,190674,187924,214097,235353,161648,227558,223898,203933,209430,220030,223138,225629,206306,205686,226861,205188,225951
19,22/11/2018,reims,caen,234642,208509,235634,206493,159175,231236,224368,210828,193683,233265,195912,204883,178031,241551,227222,205190,241238,220029,203435,205083,221740,231041
19,22/11/2018,monaco,guingamp,115533,190547,246679,228579,242578,244892,216393,242577,230042,237708,167397,211398,239210,210394,234930,204338,226414,231102,213725,49488,228093,223510
19,23/11/2018,bordeaux,amiens,158121,201315,241486,209301,228321,222715,217605,184271,237207,134779,224218,176994,207650,186567,234624,204886,51123,222982,203128,224428,214570,233121
20,11/00/2019,caen,lille,204883,178031,241551,212219,227222,220029,203435,205083,183068,221740,231041,215698,222160,171791,200353,224490,225945,213874,225085,234612,241721,226110
20,11/00/2019,ol,reims,199482,180334,216643,228618,220182,207707,216594,234906,235569,202556,207948,234642,235634,206493,208509,210828,224095,159175,231236,193683,233265,199387
20,12/00/2019,amiens,psg,176994,207650,234515,234624,204886,186567,203393,222982,203128,233121,214570,193105,205069,207865,146530,164240,202371,183898,202166,199556,231747,179813
20,12/00/2019,nice,bordeaux,215223,158625,235454,240754,208449,213242,212886,230686,235554,246816,216388,158121,209301,215699,241486,233219,222715,245275,112244,134779,231826,237207
20,12/00/2019,guingamp,asse,211398,198455,234930,239210,204338,226414,231102,49488,183982,188397,228093,167628,159147,197688,243715,190034,187052,177712,204612,193476,212350,194845
20,13/00/2019,nantes,rennes,201325,219693,207924,189680,226515,199393,210450,201938,223874,204819,198420,200332,196801,219789,179789,224196,190674,187924,214097,235353,161648,204077
20,13/00/2019,toulouse,strasbourg,204240,212282,212401,231235,198067,208615,183820,184387,223978,196932,182945,199641,204105,184082,236636,223284,209547,235042,197813,208787,231089,219733
20,13/00/2019,dijon,montpellier,228912,210434,225934,237548,199511,188600,213030,211927,198817,212613,210722,200726,200677,163665,223597,218540,153260,225126,209288,190416,193983,193581
20,13/00/2019,om,monaco,163705,163083,204472,219681,224030,177388,185221,189712,210896,205632,204970,115533,171919,190547,236723,228579,242578,216393,162895,225663,230042,212692
20,23/00/2019,nimes,angers,223898,202002,209430,230043,233767,223138,206306,205686,225855,226861,226127,49472,184190,212449,189946,199313,219470,226789,209781,213388,219792,219641
21,18/00/2019,lille,amiens,215698,183916,222160,200353,171791,225945,213874,225085,234612,241721,226110,176994,207650,234624,234515,204886,222982,203393,203128,224428,233121,214570
21,19/00/2019,psg,guingamp,1179,205069,207865,146530,164240,226229,199556,183898,190871,231747,179813,211398,210394,234930,239210,204338,178051,213725,49488,192938,228093,223510
21,19/00/2019,reims,nice,234642,208509,220421,206493,210828,159175,231236,206506,193683,233265,199387,215223,235454,158625,235981,240754,208449,212886,223517,213242,230686,216388
21,19/00/2019,monaco,strasbourg,115533,171919,190547,236723,228579,242578,216393,225663,162895,212692,167397,199641,204105,184082,236636,223284,209547,245630,197813,208787,231089,219733
21,19/00/2019,nimes,toulouse,223898,202002,209430,220030,230043,223138,206306,205686,239043,205188,226861,204240,232869,212282,246565,231235,208615,235173,183820,246298,196932,182945
21,20/00/2019,rennes,montpellier,200332,196801,219789,179789,190674,187924,236998,214097,204077,161648,235353,228616,200677,163665,223597,153260,225126,209288,192242,190416,193983,209519
21,20/00/2019,caen,om,204883,178031,241551,212219,227222,203435,205083,240133,221740,223875,231041,163705,163083,204472,236987,219681,177388,224030,205632,189712,203280,204970
21,20/00/2019,angers,nantes,49472,184190,189946,199313,212449,213388,178160,219470,219792,228509,203736,201325,219693,230074,207924,231098,226515,199393,210450,223874,198420,237679
21,20/00/2019,bordeaux,dijon,158121,241486,209301,215699,233219,222715,112244,237207,134779,224218,231826,228912,210434,199511,225934,237548,188600,211927,198817,205257,212613,210722
21,20/00/2019,asse,ol,167628,183556,197688,159147,190034,187052,192722,204612,177712,193476,194845,199482,180334,228618,220182,216266,216594,234906,235569,202556,215798,207948
22,25/00/2019,om,lille,163705,204472,163083,219681,236987,224030,185221,189712,204970,243656,183483,215698,222160,171791,224490,200353,236639,213874,225085,234612,226110,241721
22,26/00/2019,strasbourg,bordeaux,199641,204105,236636,215383,184082,223284,235042,245630,208787,231089,219733,158121,241486,209301,228321,233219,222715,245275,217605,231826,224218,201943
22,26/00/2019,nice,nimes,215223,158625,235454,240754,208449,213242,212886,223517,246816,216388,241130,223898,220030,202002,223138,233767,225629,205686,225855,239043,205188,225951
22,26/00/2019,guingamp,reims,211398,234930,239210,204338,197937,178051,231102,213725,226414,183982,228093,234642,208509,206493,220421,210828,159175,231236,206506,193683,233265,199387
22,26/00/2019,dijon,monaco,228912,210434,225934,199511,237548,188600,213030,211927,205257,210722,212613,192593,171919,190547,201042,236723,242578,228579,162895,216393,212692,167397
22,27/00/2019,montpellier,caen,200726,200677,163665,223597,153260,225126,209288,192242,190416,193983,209519,204883,178031,241551,221284,212219,220029,203435,205083,221740,223875,231041
22,27/00/2019,amiens,ol,176994,207650,234515,234624,204886,51123,222982,203128,224428,233121,214570,199482,180334,228618,220182,216643,216594,234906,235569,202556,215798,211591
22,27/00/2019,toulouse,angers,204240,232869,212401,212282,208615,189207,235173,183820,167933,196932,182945,49472,212449,189946,199313,184190,213388,219470,178160,219792,228509,203736
22,27/00/2019,psg,rennes,1179,205069,207865,146530,226229,164240,225850,183898,202166,231747,179813,200332,231263,207745,179789,219789,190674,187924,214097,235353,161648,204077
22,30/00/2019,nantes,asse,204513,231098,226515,219693,189680,192205,210450,223874,221701,198420,206141,167628,159147,183556,197688,190034,192722,187052,177712,193476,212350,194845
23,01/01/2019,lille,nice,215698,200353,171791,222160,224490,236639,213874,225085,234612,241721,226110,215223,158625,240754,235454,235981,208449,213242,212886,223517,241130,216388
23,02/01/2019,rennes,amiens,200332,196801,207745,179789,236454,190674,187924,214097,204077,235353,161648,176994,207650,234624,234515,204886,51123,222982,203128,224428,233121,215441
23,02/01/2019,monaco,toulouse,192593,190547,215792,201042,242578,236723,162895,225663,212692,167397,227055,204240,232869,212282,246565,208615,189207,235173,183820,223978,223929,182945
23,02/01/2019,angers,dijon,49472,184190,212449,189946,199313,213388,219470,178160,219792,228509,203736,228912,210434,199511,225934,237548,188600,213030,211927,205257,212613,210722
23,02/01/2019,reims,om,234642,208509,220421,206493,210828,231236,159175,193683,206506,246242,233265,163705,163083,204472,236987,224030,185221,210896,205632,189712,186627,243656
23,03/01/2019,nimes,montpellier,223898,202002,209430,230043,233767,223138,225629,206306,205686,226861,205188,200726,200677,163665,246387,153260,225126,209288,192242,190416,193983,209519
23,03/01/2019,ol,psg,199482,180334,216643,228618,220182,234906,216594,235569,202556,211591,207948,193105,205069,207865,146530,164240,226229,225850,183898,202166,231747,179813
23,13/01/2019,asse,strasbourg,167628,159147,183556,197688,190034,187052,177712,230042,193476,194845,212023,199641,184082,215383,209547,240725,223284,206167,245630,231089,237631,230857
23,13/01/2019,caen,nantes,204883,221284,241551,212219,227222,183453,203435,205083,246752,223875,183068,201325,219693,230074,231098,210520,226515,199393,223874,201878,206141,198420
23,20/01/2019,bordeaux,guingamp,158121,241486,209301,228321,233219,222715,245275,112244,235161,231826,201073,211398,167936,234930,239210,240257,231102,178051,213725,183982,228093,202035
24,08/01/2019,dijon,om,228912,237548,210434,199511,225934,188600,213030,211927,198817,212613,210722,163705,204472,208520,219681,225263,236987,224030,205632,189712,204970,186627
24,09/01/2019,psg,bordeaux,1179,146530,202371,164240,225850,241941,199556,241852,232411,179813,183569,158121,201315,241486,228321,215699,222715,245275,184271,134779,224218,201073
24,09/01/2019,strasbourg,angers,199641,184082,236636,204105,223284,209547,206167,208787,231089,237631,219733,49472,184190,189946,199313,184873,212449,219470,226789,219792,239589,203736
24,09/01/2019,amiens,caen,176994,207650,234515,234624,204886,203393,231949,203128,211321,214570,215441,204883,222926,221284,212219,227222,183453,220029,203435,205083,221740,231041
24,10/01/2019,montpellier,monaco,200726,200677,163665,223597,153260,225126,223570,192242,190416,193983,209519,192593,201042,190547,236723,242578,215792,162895,225663,212692,227055,167397
24,10/01/2019,toulouse,reims,204240,212282,232869,246565,208615,189207,235173,183820,167933,182945,223929,234642,208509,220421,206493,210828,159175,231236,193683,206506,233265,195912
24,10/01/2019,nantes,nimes,201325,207924,219693,189680,226515,199393,210450,201938,223874,206141,198420,223898,202002,209430,220030,203933,230043,206306,205686,225855,225951,213839
24,10/01/2019,guingamp,lille,211398,234930,239210,204338,240257,226414,231102,213725,218359,228093,223510,215698,222160,171791,224490,232580,236639,213874,225085,234612,241721,226110
24,10/01/2019,rennes,asse,200332,196801,207745,219789,179789,187924,214097,204077,215245,227558,161648,167628,197688,159147,158626,183556,190034,177712,230042,192722,193476,212350
24,10/01/2019,nice,ol,215223,158625,235454,235981,208449,213313,213242,212886,241130,216388,234333,199482,216643,180334,228618,220182,234906,216594,235569,202556,211591,207948
25,15/01/2019,nimes,dijon,223898,202002,223138,230043,233767,205686,206306,225855,226861,225951,213839,228912,244749,210434,199511,237548,213030,52126,188600,237524,205257,210722
25,15/01/2019,ol,guingamp,199482,180334,216643,220182,207707,216594,227234,234906,211591,236786,207948,211398,167936,234930,240257,239210,226414,218359,231102,213725,228093,223510
25,16/01/2019,om,amiens,163705,208520,225263,236987,219681,224030,210896,205632,203280,186627,204970,176994,207650,178567,234515,234624,204886,203393,203128,211321,214570,215441
25,16/01/2019,angers,nice,49472,184873,184190,212449,189946,199313,219470,226789,219792,239589,203736,215223,158625,235454,235981,150590,213313,213242,212886,237600,246816,241130
25,16/01/2019,monaco,nantes,192593,190547,201042,236723,242578,184826,162895,225663,167397,212692,227055,201325,207924,219693,230074,231098,210520,210450,223874,201878,206141,198420
25,17/01/2019,lille,montpellier,215698,183916,222160,232580,171791,236639,213874,225085,234612,241721,226110,200726,200677,240223,218540,163665,153260,225126,209288,190416,209519,193581
25,17/01/2019,caen,strasbourg,204883,178031,241551,221284,212219,227222,183453,220029,205083,221740,231041,199641,204105,236636,209547,223284,206167,235042,200966,208787,231089,219733
25,17/01/2019,bordeaux,toulouse,158121,241486,221277,228321,233219,222715,245275,241637,235161,134779,224218,204240,232869,212401,246565,231235,235173,223978,167933,196932,211239,182945
25,17/01/2019,reims,rennes,234642,208509,206493,209620,210828,159175,231236,206506,193683,233265,246242,200332,231263,207745,219789,179789,224196,190674,214097,215245,161648,231612
25,17/01/2019,asse,psg,167628,159147,197688,158626,190034,187052,192722,177712,230042,193476,194845,193105,207865,164240,226229,205069,146530,241852,183898,202166,207439,231747
26,22/01/2019,dijon,asse,228912,210434,244749,225934,244751,188600,213030,211927,205257,212613,210722,167628,159147,183556,197688,208324,190034,187052,230042,193476,212350,194845
26,22/01/2019,strasbourg,lille,199641,204105,184082,236636,223284,206167,245630,208787,231089,193147,219733,215698,183916,222160,171791,232580,225945,213874,225085,234612,226110,241721
26,23/01/2019,psg,nimes,193105,207865,146530,164240,201510,205069,199556,232411,207439,231747,183569,223898,202002,209430,223138,230043,233767,225629,206306,205686,225855,225951
26,23/01/2019,amiens,nice,176994,207650,178567,234515,204886,222982,231949,203128,224428,211321,215441,215223,247412,235981,235454,208449,213242,212886,230020,230686,247402,216388
26,23/01/2019,guingamp,angers,211398,167936,234930,239210,240257,213725,178051,218359,228093,202035,223510,49472,184873,212449,189946,184190,199313,213388,219470,226789,219792,203736
26,24/01/2019,montpellier,reims,200726,223597,163665,239136,153260,225126,209288,192242,190416,193983,209519,234642,208509,206493,209620,210828,221919,159175,206506,193683,233265,246242
26,24/01/2019,nantes,bordeaux,201325,219693,231098,210520,199393,192205,210450,201938,223874,206141,198420,158121,215699,241486,233219,209301,222715,245275,241637,237207,134779,201073
26,24/01/2019,toulouse,caen,204240,232869,212282,231235,208615,189207,235173,183820,167933,196932,182945,204883,241551,221284,212219,227222,183453,203435,205083,221740,240133,231041
26,24/01/2019,rennes,om,200332,207745,196801,219789,179789,187924,190674,214097,204077,235353,231612,163705,208520,225263,236987,219681,210896,205632,224030,204970,203280,186627
26,24/01/2019,monaco,ol,192593,190547,236723,242578,201042,184826,162895,225663,212692,227055,167397,199482,180334,207707,216643,220182,227234,234906,235569,236786,211591,207948
27,02/02/2019,caen,psg,204883,246952,241551,221284,227222,183453,220029,203435,205083,221740,231041,193105,207865,226229,201510,202371,146530,241852,183898,207439,232411,231747
27,02/02/2019,reims,amiens,234642,208509,220421,206493,224095,210828,221919,159175,206506,233265,199387,176994,207650,234515,178567,204886,222982,231949,203128,211321,233121,215441
27,02/02/2019,angers,monaco,49472,184873,212449,189946,199313,213388,219470,178160,226789,219792,203736,192593,201042,190547,236723,242578,184826,162895,225663,212692,227055,167397
27,03/02/2019,lille,dijon,215698,222160,171791,224490,232580,236639,213874,234612,234128,241721,226110,228912,210434,244749,199511,225934,237548,188600,213030,205257,210722,212613
27,03/02/2019,nice,strasbourg,215223,158625,235454,240754,247412,208449,212886,230020,223517,230686,216388,199641,204105,184082,236636,209547,206167,235042,208787,231089,237631,230857
27,03/02/2019,guingamp,nantes,211398,167936,234930,240257,239210,178051,226414,231102,213725,183982,202035,201325,219693,230074,226515,210520,231098,199393,192205,223874,240351,206141
27,03/02/2019,ol,toulouse,199482,180334,216643,228618,220182,216594,227234,235569,202556,211591,207948,204240,232869,212282,231235,208615,246298,235173,183820,167933,211239,182945
27,03/02/2019,om,asse,163705,204472,225263,236987,208520,224030,210896,205632,203280,186627,204970,167628,159147,183556,158626,208324,190034,187052,192722,230042,193476,194845
27,05/02/2019,bordeaux,montpellier,158121,201315,241486,209301,228321,222715,245275,112244,134779,231826,201073,200726,239136,246387,218540,163665,153260,209288,192242,190416,193983,209519
27,09/03/2019,nimes,rennes,223898,209430,226130,203933,223138,205686,206306,225855,226861,205188,225951,200332,196801,231263,219789,239575,236454,214097,190674,215245,161648,231612
28,09/02/2019,strasbourg,ol,199641,204105,184082,236636,209547,223284,206167,245630,208787,230857,219733,199482,180334,216266,228618,220182,234906,226773,227234,211591,236786,215798
28,09/02/2019,dijon,reims,228912,210434,199511,237548,244751,52126,188600,211927,198817,237524,205257,234642,208509,206493,209620,210828,221919,159175,206506,193683,233265,246242
28,09/02/2019,amiens,nimes,176994,207650,178567,234515,204886,222982,231949,203128,233121,211321,215441,223898,209430,202002,223138,230043,233767,206306,205686,225855,226861,205188
28,09/02/2019,monaco,bordeaux,192593,215792,201042,242578,236723,184826,162895,225663,212692,167397,227055,158121,201315,241486,209301,215699,222715,184271,241637,134779,224218,201073
28,10/02/2019,asse,lille,167628,183556,243715,190034,158626,192722,187052,230042,193476,212023,194845,215698,222160,171791,224490,232580,236639,213874,225085,234612,241721,226110
28,10/02/2019,montpellier,angers,200726,163665,239136,246387,218540,153260,225126,209288,192242,193983,209519,49472,184873,184190,221271,189946,212449,213388,219470,178160,219792,203736
28,10/02/2019,toulouse,guingamp,211327,232869,212282,231235,208615,246298,235173,183820,223978,196932,182945,211398,167936,234930,239210,240257,178051,231102,226414,213725,223510,228093
28,10/02/2019,rennes,caen,200332,196801,219789,179789,224196,187924,214097,204077,215245,235353,161648,204883,246952,181456,221284,241551,220029,203435,205083,221740,240133,231041
28,10/02/2019,om,nice,163705,204472,208520,225263,236987,224030,210896,205632,203280,186627,204970,215223,158625,235454,240754,150590,208449,213313,213242,230020,230686,216388
28,17/03/2019,nantes,psg,204513,219693,189680,231098,210520,199393,210450,223874,240351,206141,198420,1179,146530,226229,241941,201510,225850,241852,207439,202166,232411,183569
29,15/02/2019,nice,toulouse,215223,158625,235454,240754,225863,208449,213242,212886,223517,230686,216388,211327,232869,212282,231235,208615,246298,235173,183820,223978,196932,182945
29,15/02/2019,lille,monaco,215698,222160,224490,232580,171791,236639,213874,225085,234612,241721,226110,192593,190547,215792,236723,201042,184826,220905,225663,212692,227055,244621
29,16/02/2019,caen,asse,204883,181456,221284,212219,227222,220029,203435,205083,246752,221740,240133,167628,183556,243715,208324,190034,187052,192722,230042,193476,212023,236518
29,16/02/2019,nimes,strasbourg,223898,202002,233767,223138,230043,209430,206306,225629,205686,205188,225951,199641,204105,223284,184082,209547,201041,245630,206167,193147,237631,230857
29,16/02/2019,angers,amiens,49472,184873,184190,189946,199313,213388,219470,226789,219792,228509,203736,176994,178567,234515,207650,204886,222982,231949,203128,211321,233121,224428
29,16/02/2019,guingamp,dijon,211398,167936,234930,204338,240257,178051,240259,213725,183982,228093,202035,228912,210434,199511,225934,237548,188600,213030,198817,205257,210722,193226
29,17/02/2019,ol,montpellier,199721,207707,216266,189681,220182,216594,234906,235569,211591,236786,207948,200726,163665,223597,239136,218540,153260,225126,209288,192242,209519,193983
29,17/02/2019,reims,nantes,234642,208509,206493,209620,210828,221919,159175,193683,206506,233265,246242,204513,207924,219693,231098,189680,226515,199393,210450,223874,221701,206141
29,17/02/2019,bordeaux,rennes,158121,201315,241486,209301,215699,233219,222715,245275,134779,224218,201073,200332,196801,224196,219789,179789,190674,236998,214097,204077,215245,235353
29,17/02/2019,psg,om,193105,146530,202371,207865,164240,201510,225850,199556,207439,183898,231747,163705,204472,225263,208520,236987,224030,210896,205632,203280,186627,204970
30,29/02/2019,rennes,ol,200332,196801,239575,207745,236454,236998,190674,204077,235353,161648,215245,199482,189681,216643,180334,220182,216594,227234,234906,235569,202556,211591
30,30/02/2019,om,angers,107298,183280,219681,225263,204472,210896,224030,205632,203280,186627,204970,49472,184873,184190,199313,213388,178160,226789,209781,198836,219792,228509
30,31/02/2019,dijon,nice,222562,210434,199511,225934,237548,211927,213030,198817,187988,212613,193226,215223,158625,225863,208449,235981,212886,223517,230020,230686,235554,237600
30,31/02/2019,amiens,bordeaux,176994,207650,178567,234624,204886,222982,203128,224428,211321,233121,214570,158121,201315,241486,209301,233219,222715,245275,236830,184271,231826,201073
30,31/02/2019,monaco,caen,192593,190547,201042,228579,242578,181402,220905,225663,212692,167397,227055,204883,241551,188824,221284,212219,227222,241238,205083,231109,221740,231041
30,31/02/2019,nantes,lille,204513,207924,219693,189680,210520,199393,210450,223874,215559,201878,206141,215698,222160,200353,171791,224490,236639,225085,213874,179527,234128,226110
30,31/02/2019,toulouse,psg,204240,232869,212282,231235,208615,189207,246298,235173,167933,196932,182945,193105,205069,207865,241497,201510,225850,226229,207439,232411,231747,183569
30,01/03/2019,asse,nimes,167628,183556,158626,208324,190034,192722,187052,230042,193476,212023,236518,223898,230043,203933,209430,220030,223138,205686,206306,225855,239043,225951
30,03/03/2019,strasbourg,reims,199641,204105,201041,223284,209547,235042,245630,193147,237631,230857,240730,234642,208509,206493,209620,221919,159175,224368,210828,193683,233265,199387
30,03/03/2019,montpellier,guingamp,200726,200677,163665,223597,240223,153260,225126,209288,190416,193983,209519,211398,167936,234930,204338,240257,226414,218359,213725,240259,188397,228093
31,05/03/2019,bordeaux,om,158121,209301,201315,215699,241486,233219,222715,245275,134779,224218,201073,163705,208520,219681,225263,236987,224030,189712,177388,203280,204970,243656
31,06/03/2019,ol,dijon,199482,189681,180334,216643,220182,216594,227234,234906,215798,211591,236786,222562,210434,225934,237548,199511,52126,213030,198817,212613,210722,193226
31,06/03/2019,amiens,asse,176994,207650,178567,234515,204886,222982,203393,203128,211321,233121,214570,167628,159147,158626,183556,190034,187052,220609,193476,194845,212023,236518
31,06/03/2019,angers,rennes,49472,184873,184190,199313,226789,209781,213388,178160,219792,228509,203736,200332,196801,231263,207745,239575,236454,190674,214097,161648,204077,235353
31,06/03/2019,nimes,caen,223898,203933,209430,220030,230043,223138,225629,205686,225855,225951,213839,204883,188824,221284,246952,227222,212219,183453,241238,205083,221740,231041
31,06/03/2019,guingamp,monaco,211398,167936,234930,239210,240257,218359,240259,213725,231102,183982,202035,192593,215792,190547,236723,201042,184826,162895,225663,212692,227055,244621
31,07/03/2019,reims,lille,234642,208509,206493,209620,210828,221919,231236,206506,159175,193683,246242,215698,222160,171791,224490,200353,213874,225085,234612,225945,179527,226110
31,07/03/2019,toulouse,nantes,204240,212282,232869,231235,208615,189207,246298,235173,223978,196932,182945,201325,219693,230074,231098,226515,210520,199393,210450,223874,221701,198420
31,07/03/2019,nice,montpellier,215223,158625,235454,235981,208449,212886,223517,230020,237600,216388,244762,200726,200677,163665,223597,240223,153260,225126,209288,190416,193983,209519
31,07/03/2019,psg,strasbourg,1179,205069,241497,146530,164240,201510,225850,199556,207439,232411,183569,199641,236636,201041,204105,223284,209547,206167,231089,193147,230857,219733
32,12/03/2019,dijon,amiens,222562,210434,199511,225934,237548,213030,52126,198817,212613,193226,210722,176994,207650,178567,234624,204886,222982,203393,211321,233121,214570,215441
32,12/03/2019,nantes,ol,201325,219693,238511,189680,231098,210450,201938,240351,223874,198420,206141,199482,216266,216643,207707,220182,227234,234906,235569,215798,211591,236786
32,13/03/2019,om,nimes,163705,204472,208520,236987,225263,224030,177388,185221,186627,204970,243656,223898,203933,209430,226130,230043,206306,225855,205686,226861,205188,225951
32,13/03/2019,monaco,reims,192593,215792,190547,236723,201042,162895,184826,225663,212692,181820,227055,234642,208509,206493,209620,210828,159175,231236,206506,193683,233265,246242
32,13/03/2019,strasbourg,guingamp,199641,204105,201041,223284,209547,206167,245630,208787,193147,230857,219733,211398,167936,234930,239210,240257,240259,178051,218359,49488,183982,228093
32,13/03/2019,caen,angers,204883,188824,221284,227222,212219,220029,183453,241238,205083,221740,231041,49472,184190,212449,189946,213388,198836,178160,219792,228509,209781,219641
32,14/03/2019,rennes,nice,200332,179789,196801,219789,236454,181383,214097,204077,215245,161648,231612,215223,158625,235454,235981,208449,213313,223517,230020,237600,244762,216388
32,14/03/2019,montpellier,toulouse,200726,163665,223597,218540,200677,153260,225126,209288,190416,193983,209519,204240,232869,212282,231235,208615,189207,246298,235173,167933,196932,182945
32,14/03/2019,asse,bordeaux,167628,159147,243715,158626,190034,187052,192722,193476,194845,212023,236518,158121,241486,246807,228321,215699,248357,222715,245275,236830,231826,224218
32,14/03/2019,lille,psg,215698,200353,222160,171791,224490,236639,225085,234612,213874,179527,226110,193105,164240,202371,241497,146530,205069,225850,207439,202166,199556,231747
33,19/03/2019,dijon,rennes,222562,210434,225934,228897,244749,213030,52126,198817,205257,212613,193226,200332,219789,239575,179789,236454,190674,187924,215245,161648,204077,235353
33,19/03/2019,ol,angers,199482,180334,216266,216643,220182,216594,234906,235569,202556,215798,236786,49472,184873,212449,189946,199313,213388,198836,209781,178160,219792,228509
33,20/03/2019,guingamp,om,211398,234930,239210,167936,240257,218359,213725,240259,49488,183982,228093,163705,208520,219681,225263,236987,177388,185221,210896,205632,203280,204970
33,20/03/2019,strasbourg,montpellier,199641,201041,223284,209547,206167,233550,197813,231089,193147,237631,230857,200726,163665,223597,200677,218540,153260,225126,209288,190416,193983,209519
33,20/03/2019,nice,caen,215223,158625,235454,240754,235981,208449,213313,213242,230020,237600,216388,204883,246952,188824,221284,212219,183453,205190,241238,220029,221740,231041
33,20/03/2019,nimes,bordeaux,223898,203933,209430,226130,230043,206306,205686,225855,239043,205188,225951,158121,215699,241486,248357,233219,222715,245275,236830,235161,224218,201073
33,21/03/2019,toulouse,lille,204240,232869,212282,231235,198067,208615,189207,235173,183820,246298,182945,215698,222160,171791,232580,224490,225085,234612,213874,239817,241721,226110
33,21/03/2019,nantes,amiens,204513,207924,219693,210520,199393,201938,223874,240351,210450,206141,198420,176994,207650,234624,178567,204886,220245,222982,203128,224428,215441,214570
33,21/03/2019,reims,asse,234642,206493,208509,209620,210828,159175,206506,231236,193683,233265,246242,167628,159147,243715,158626,190034,187052,192722,230042,193476,194845,236518
33,21/03/2019,psg,monaco,193105,207865,241497,146530,226229,201510,225850,241852,199556,207439,231747,192593,215792,190547,236723,228579,242578,184826,225663,212692,167397,227055
34,26/03/2019,bordeaux,ol,158121,201315,241486,209301,215699,233219,245275,222715,134779,224218,201073,199482,180334,216266,220182,216643,234906,216594,235569,202556,215798,236786
34,28/03/2019,lille,nimes,215698,222160,171791,224490,232580,213874,225085,234612,239817,226110,179527,223898,203933,209430,220030,226130,225629,205686,225855,226861,225951,213839
34,28/03/2019,angers,reims,49472,184873,184190,221271,189946,213388,178160,226789,219792,228509,203736,234642,208509,206493,209620,210828,221919,231236,241071,206506,193683,233265
34,28/03/2019,nice,guingamp,215223,158625,235454,240754,235981,208449,213242,230020,230686,235554,216388,211398,210394,167936,234930,197937,226414,218359,213725,240259,192938,228093
34,28/03/2019,amiens,strasbourg,176994,207650,178567,186567,234624,222982,203393,211321,214570,215441,233121,199641,204105,236636,201041,223284,209547,233550,197813,208787,231089,219733
34,28/03/2019,caen,dijon,204883,246952,241551,221284,212219,227222,241238,205083,221740,240133,231041,222562,210434,244749,225934,199511,198817,52126,187988,212613,210722,193226
34,28/03/2019,asse,toulouse,167628,159147,243715,158626,208324,187052,220609,192722,193476,194845,212023,204240,232869,212282,231235,198067,189207,246298,183820,235173,167933,182945
34,28/03/2019,om,nantes,163705,204472,208520,225263,236987,210896,177388,185221,205632,203280,186627,204513,219693,226515,210520,231098,199393,210450,223874,240351,206141,198420
34,30/03/2019,montpellier,psg,200726,200677,163665,218540,246387,153260,209288,225126,190416,193983,209519,1179,207865,146530,205069,241497,225850,183898,202166,207439,190871,183569
34,01/04/2019,rennes,monaco,200332,196801,219789,179789,224196,181383,236998,248243,214097,215245,231612,225710,215792,201042,236723,242578,184826,225663,220905,212692,227055,167397
35,03/04/2019,strasbourg,om,199641,204105,184082,236636,201041,209547,197813,245630,231089,230857,219733,163705,208520,183280,225263,236987,224030,185221,205632,189712,203280,186627
35,04/04/2019,psg,nice,193105,205069,207865,146530,225850,183898,202166,207439,199556,190871,179813,215223,158625,235454,235981,240754,208449,213242,223517,230020,241130,216388
35,04/04/2019,reims,nimes,234642,208509,206493,209620,221919,159175,231236,210828,193683,206506,233265,223898,209430,226130,223138,230043,233767,206306,225855,205686,225951,226861
35,04/04/2019,bordeaux,angers,158121,201315,209301,215699,248357,222715,245275,244863,134779,224218,201073,201138,184873,221271,212449,189946,213388,198836,226789,219792,228509,203736
35,04/04/2019,guingamp,caen,211398,210394,167936,234930,204338,231102,240259,213725,49488,183982,228093,204883,246952,241551,188824,221284,227222,205190,241238,205083,221740,240133
35,05/04/2019,montpellier,amiens,200726,200677,246387,218540,163665,153260,225126,209288,190416,193983,209519,176994,178567,186567,234514,234624,222982,203393,203128,233121,214570,215441
35,05/04/2019,toulouse,rennes,211327,232869,212282,231235,208615,189207,183820,246298,235173,196932,182945,200332,219789,239575,179789,224196,248243,187924,236998,215245,235353,204077
35,05/04/2019,nantes,dijon,204513,207924,219693,189680,199393,210450,201938,223874,240351,206141,198420,222562,210434,199511,225934,237548,244749,211927,198817,205257,212613,210722
35,05/04/2019,monaco,asse,192593,171919,215792,190547,201042,236723,184826,225663,212692,167397,227055,167628,159147,243715,158626,190034,208324,187052,220609,192722,193476,194845
35,05/04/2019,ol,lille,199482,180334,216643,228618,220182,216594,234906,235569,202556,236786,207948,215698,222160,171791,224490,232580,234612,225945,239817,225085,179527,226110
36,10/04/2019,asse,montpellier,167628,159147,243715,158626,208324,187052,230042,193476,194845,212023,236518,200726,200677,218540,163665,246387,153260,225126,209288,190416,193983,209519
36,11/04/2019,angers,psg,49472,184873,221271,212449,189946,213388,198836,226789,219792,228509,203736,1179,205069,241497,146530,248603,207865,183898,199556,207439,190871,179813
36,11/04/2019,nice,nantes,215223,158625,235454,247412,240754,208449,213242,223517,230020,201145,216388,204513,219693,189680,231098,226515,199393,210450,201938,223874,240351,206141
36,11/04/2019,nimes,monaco,223898,209430,226130,223138,230043,233767,206306,205686,225855,226861,225951,115533,171919,190547,215792,201042,236723,184826,225663,212692,167397,227055
36,11/04/2019,caen,reims,204883,188824,221284,212219,227222,241238,220029,205083,248138,240133,231041,234642,220421,206493,208509,210828,159175,231236,224368,193683,233265,199387
36,11/04/2019,dijon,strasbourg,222562,210434,199511,225934,237548,213030,198817,52126,205257,212613,210722,199641,204105,184082,201041,215383,209547,206167,208787,193147,237631,219733
36,11/04/2019,amiens,toulouse,176994,207650,178567,186567,234624,222982,203393,203128,233121,214570,215441,211327,232869,212282,231235,208615,184387,183820,189207,246298,196932,182945
36,12/04/2019,rennes,guingamp,200332,207745,179789,224196,239575,187924,236998,214097,204077,235353,161648,211398,210394,167936,234930,204338,178051,226414,213725,231102,49488,228093
36,12/04/2019,lille,bordeaux,215698,222160,171791,224490,232580,213874,225085,234612,239817,226110,179527,158121,201315,241486,209301,215699,222715,245275,236830,243627,112244,134779
36,12/04/2019,om,ol,163705,208520,236987,219681,225263,224030,185221,205632,189712,243656,186627,199482,180334,216643,139860,228618,216594,234906,235569,202556,215798,236786
37,18/04/2019,psg,dijon,193105,146530,226229,248603,201510,202371,183898,202166,207439,231747,179813,222562,199511,225934,237548,228897,213030,52126,211927,198817,212613,210722
37,18/04/2019,lille,angers,215698,222160,171791,224490,232580,213874,225085,234612,239817,179527,226110,49472,184873,221271,189946,212449,213388,226789,198836,219792,228509,203736
37,18/04/2019,ol,caen,199482,216643,139860,180334,228618,234906,235569,202556,211591,236786,215798,204883,246952,188824,221284,227222,212219,241238,220029,205083,221740,231041
37,18/04/2019,asse,nice,167628,159147,208324,243715,190034,187052,192722,190014,230042,212023,236518,215223,235454,240754,247412,222840,225863,213242,223517,230020,241130,216388
37,18/04/2019,montpellier,nantes,200726,246387,200677,239136,218540,153260,225126,209288,190416,193983,209519,204513,189680,231098,226515,219693,199393,223874,240351,210450,206141,198420
37,18/04/2019,toulouse,om,211327,232869,212282,231235,208615,184387,189207,235173,183820,182945,223929,163705,208520,183280,236987,219681,177388,185221,210896,205632,203280,204970
37,18/04/2019,guingamp,nimes,211398,167936,234930,239210,210394,231102,240259,213725,49488,223510,228093,223898,209430,226130,230043,223138,233767,225629,206306,225855,226861,225951
37,18/04/2019,bordeaux,reims,158121,241486,209301,215699,233219,222715,245275,243627,112244,134779,224218,234642,220421,206493,208509,210828,159175,231236,224368,206506,193683,195912
37,18/04/2019,strasbourg,rennes,199641,204105,184082,209547,236636,206167,235042,208787,193147,230857,219733,200332,196801,219789,179789,236454,187924,181383,214097,248243,204077,235353
37,18/04/2019,monaco,amiens,115533,190547,215792,201042,236723,228579,184826,225663,227055,167397,244621,176994,207650,178567,234624,186567,222982,231949,203128,224428,211321,215441
38,24/04/2019,reims,psg,234642,229942,220421,206493,209620,159175,231236,224368,193683,206506,233265,1179,207865,226229,201510,202371,183898,199556,207439,202166,231747,179813
38,24/04/2019,rennes,lille,200332,196801,219789,179789,224196,187924,248243,204077,215245,235353,231612,215698,183916,236045,171791,200353,225945,213874,225085,234612,179527,234128
38,24/04/2019,nimes,ol,223898,209430,226130,223138,230043,220030,206306,205686,225855,226861,225951,199721,180334,216643,139860,228618,234906,235569,202556,215798,211591,236786
38,24/04/2019,angers,asse,49472,184873,221271,212449,189946,213388,198836,226789,219792,228509,203736,172198,159147,248695,158626,190034,187052,192722,193476,194845,212023,236518
38,24/04/2019,om,montpellier,107298,208520,225263,210896,224030,177388,185221,205632,189712,203280,204970,200726,200677,163665,223597,218540,153260,223570,192242,190416,193983,209519
38,24/04/2019,nice,monaco,215223,158625,235454,240754,208449,223517,213242,230020,241130,201145,216388,115533,201042,190547,236723,242578,228579,184826,162895,225663,167397,227055
38,24/04/2019,nantes,strasbourg,231105,207924,230074,223873,199393,210450,242794,223874,240351,198420,206141,180739,204105,236636,201041,215383,209547,235042,208787,193147,231089,237631
38,24/04/2019,caen,bordeaux,204883,188824,221284,212219,227222,241238,205083,221740,248138,240133,231041,240751,201315,241486,228321,215699,233219,222715,184271,112244,134779,224218
38,24/04/2019,dijon,toulouse,222562,210434,199511,228897,244749,213030,52126,198817,212613,210722,193226,211327,232869,212401,246565,208615,235173,183820,250723,246298,250724,223929
38,24/04/2019,amiens,guingamp,176994,207650,178567,234624,204886,222982,231949,203128,224428,211321,215441,211398,210394,167936,234930,239210,178051,231102,240259,213725,228093,223510
